Video Title,Format,Core Idea,Hook,Inspo,Production Notes,Status
Not every landlord should switch to Airbnb,,"An honest filter for property type, location, availability and appetite for short-term letting. Builds trust by explaining when a traditional let may be the better fit.","Before you put your rental on Airbnb, ask yourself these three questions.",,"Belief: Lougher & Co advises on suitability, not just selling management. CTA: DM ""SUITABLE"" for a property suitability checklist.",Idea
The Airbnb income number that can mislead landlords,,"Explain that revenue must be weighed against occupancy, cleaning, utilities, maintenance, platform fees and management time.",A higher nightly rate does not automatically mean more profit.,,"Belief: proper comparison is net outcome and effort, not a screenshot of nightly price. CTA: save this before comparing options.",Idea
Can a normal two-bed flat work on Airbnb?,,"Walk through location demand, sleeping layout, building rules, local permissions and guest appeal.","You do not need a penthouse for Airbnb to work, but you do need these things.",,"Belief: suitability is assessed systematically. CTA: comment ""2 BED"" for a checklist.",Idea
What actually happens when a guest locks themselves out at 11pm,,"Explain the operational response: guest communication, access procedures, escalation and protecting the review.","This is the part of Airbnb nobody mentions when they say, “I will manage it myself.”",,Objection: self-management is easy. CTA: ask landlords which task they least want at night.,Idea
The “guests will trash my property” objection,,"Cover screening, house rules, deposits or platform protections where applicable, inspections, cleaning checks and fast issue handling.",The biggest fear landlords have about Airbnb is usually damage. Here is how good operators reduce the risk.,,"Belief: risk is managed by systems, not wishful thinking. CTA: DM ""PROTECT"" for a turnover checklist.",Idea
Why a full Airbnb calendar can still be underperforming,,"Explain pricing strategy, minimum stays, demand signals and why maximising occupancy is not identical to maximising returns.","A fully booked calendar can be a warning sign, not a win.",,Belief: dynamic management matters after listing goes live. CTA: save for your next pricing review.,Idea
The hidden cost of managing Airbnb yourself,,"List guest messages, cleaner coordination, pricing, maintenance, review management and emergency cover.",Most landlords only count the money they might save by self-managing. They forget to price their own time.,,"Objection: management fees are just a cost. CTA: comment ""TIME"" for a self-management task list.",Idea
"Traditional let or Airbnb: start with this, not the rent",,"Set out the decision factors: goals, availability, property fit, risk tolerance, building and local rules, and desired involvement.",Do not choose between a traditional let and Airbnb based on rent alone.,,"Belief: the best strategy is property and owner specific. CTA: DM ""COMPARE"" for the decision framework.",Idea
The first 48 hours after a guest checks out,,"Show the turnover process: inspections, cleaning standard, linen, supplies, maintenance spotting and listing-quality checks.",A great guest stay is won or lost before the next guest arrives.,,Proof/process video. CTA: follow for behind-the-scenes management systems.,Idea
Why “just put it on Airbnb” is bad advice,,"Break down pricing, positioning, operations, compliance, guest experience and review compounding.",Uploading photos is the easy bit. Operating a short-term rental is the business.,,"Belief: management is a system, not merely a listing service. CTA: share with a landlord considering Airbnb.",Idea
Your Airbnb photos are not just decoration,,"Explain expectation-setting, showing usable spaces, light, layout, amenities and matching the right guest to the property.",The difference between average and great Airbnb photography is not what most landlords think.,,"Belief: better presentation reduces mismatch and supports pricing. CTA: comment ""PHOTOS"" for a pre-shoot checklist.",Idea
The question to ask before buying furniture for an Airbnb,,"Show how guest type drives bed layout, workspace, parking, storage, amenities and furnishing decisions.","Before you buy one cushion for an Airbnb, decide who the guest is.",,"Belief: design follows demand, not personal taste. CTA: save before furnishing a property.",Idea
"Why reviews are an operating system, not a vanity metric",,"Show how feedback identifies issues in check-in, cleanliness, communication, maintenance or expectation setting.",A bad review is rarely just a bad review. It is a clue that a system failed.,,Belief: strong operators use reviews to improve the system. CTA: follow for practical hosting insights.,Idea
What Lougher & Co actually manages for a landlord,,"Natural founder-led explanation of the journey from listing setup through pricing, guests, cleaning coordination, maintenance and reporting.","When a landlord says, “What does management actually include?”, this is what we mean.",,"Offer clarity. CTA: DM ""MANAGE"" for a service breakdown.",Idea
The seasonality mistake that catches landlords out,,"Discuss planning for demand changes, local events, pricing, minimum stays and cash-flow expectations without predicting results.",The same Airbnb strategy does not work every month of the year.,,Objection: Airbnb income is always the same. CTA: save for annual planning.,Idea
Why local knowledge beats generic Airbnb advice,,"Explain local demand drivers, property type, transport, events, local rules and guest profiles.",A strategy that works in one city can be completely wrong two hours away.,,"Belief: management should be tailored, not templated. CTA: ask viewers to comment their area.",Idea
Three signs your rental may be leaving money on the table,,"Use questions about location demand, unused availability, underused rooms or amenities, and owner capacity to operate.","If your rental has these three signs, it may be worth reviewing the strategy.",,"Attention plus qualification. CTA: DM ""REVIEW"" to discuss suitability.",Idea
The Airbnb myth: more bookings always means more money,,"Explain that the target is the right mix of stay length, price, guest fit and operational load.","More bookings can mean more work, more turnover and not necessarily a better result.",,"Belief: optimise the whole model, not one headline metric. CTA: comment ""BOOKINGS"" for a planning template.",Idea
What I would check before turning this long-term let into Airbnb,,"A founder walkthrough framework: permissions, demand, numbers, layout, operations and fallback plan.","If this were my property, I would check these five things before changing strategy.",,Authority through decision-making. CTA: save this for a property review.,Idea
The landlord freedom test,,"Tie the promise of management to systems, handovers, clear communication and accountability.","If your Airbnb needs you to answer messages all day, you have not built freedom. You have built another job.",,"Belief: landlords pay for implementation and operational certainty, not information. CTA: DM ""FREEDOM"" for a management conversation.",Idea
